serial_no	date	weeks	temperature	humidity	moisture	illumination	leaf_len	leaf_num
1	2024-03-05 11:00:20	1	20	35	68	136	4.5	5
2	2024-03-05 11:30:26	1	21	35	67	131	4.5	5
3	2024-03-05 12:00:30	1	18	35	65	184	4.5	5
4	2024-03-05 12:30:34	1	18	35	64	156	4.5	5
5	2024-03-05 13:00:38	1	17	35	64	190	4.5	5
6	2024-03-05 13:30:42	1	17	34	65	184	4.5	5
7	2024-03-05 14:00:46	1	17	34	65	194	4.5	5
8	2024-03-05 14:30:50	1	17	34	65	175	4.5	5
9	2024-03-05 15:00:54	1	17	34	65	171	4.5	5
10	2024-03-05 15:30:58	1	17	34	66	161	4.5	5
11	2024-03-05 16:01:02	1	17	35	65	173	4.5	5
12	2024-03-05 16:31:06	1	16	35	66	215	4.5	5
13	2024-03-05 17:01:10	1	16	35	66	256	4.5	5
14	2024-03-05 17:31:14	1	16	35	66	280	4.5	5
15	2024-03-05 18:01:17	1	16	35	67	346	4.5	5
16	2024-03-05 18:31:21	1	16	35	67	728	4.5	5
17	2024-03-05 19:01:25	1	16	35	68	850	4.5	5
18	2024-03-05 19:31:29	1	16	35	68	851	4.5	5
19	2024-03-05 20:01:33	1	16	35	68	849	4.5	5
20	2024-03-05 20:31:37	1	16	35	68	851	4.5	5
21	2024-03-05 21:01:41	1	16	35	68	852	4.5	5
22	2024-03-05 21:31:45	1	16	35	69	849	4.5	5
23	2024-03-05 22:01:49	1	16	35	69	851	4.5	5
24	2024-03-05 22:31:53	1	16	35	69	851	4.5	5
25	2024-03-05 23:01:57	1	16	35	69	853	4.5	5
26	2024-03-05 23:30:01	1	16	34	70	852	4.5	5
27	2024-03-06 00:00:05	1	16	34	70	849	4.5	5
28	2024-03-06 00:30:09	1	16	34	70	849	4.5	5
29	2024-03-06 01:00:13	1	15	35	70	850	4.5	5
30	2024-03-06 01:30:17	1	15	35	70	853	4.5	5
31	2024-03-06 02:00:21	1	15	35	69	851	4.5	5
32	2024-03-06 02:30:25	1	15	35	69	848	4.5	5
33	2024-03-06 03:00:29	1	15	35	70	846	4.5	5
34	2024-03-06 03:30:33	1	15	35	70	847	4.5	5
35	2024-03-06 04:00:37	1	15	35	70	849	4.5	5
36	2024-03-06 04:30:41	1	15	35	70	848	4.5	5
37	2024-03-06 05:00:45	1	15	35	70	846	4.5	5
38	2024-03-06 05:30:49	1	15	35	70	844	4.5	5
39	2024-03-06 06:00:52	1	15	35	70	849	4.5	5
40	2024-03-06 06:30:56	1	15	35	71	890	4.5	5
41	2024-03-06 07:01:00	1	15	34	71	339	4.5	5
42	2024-03-06 07:31:04	1	15	34	71	209	4.5	5
43	2024-03-06 08:01:08	1	15	34	71	153	4.5	5
44	2024-03-06 08:31:12	1	15	34	71	124	4.5	5
45	2024-03-06 09:01:16	1	15	34	71	104	4.5	5
46	2024-03-06 09:31:20	1	15	34	67	76	4.5	5
47	2024-03-06 10:05:10	1	16	40	70	140	4.5	5
48	2024-03-06 10:35:14	1	15	47	76	52	4.5	5
49	2024-03-06 11:05:18	1	16	37	76	54	4.5	5
50	2024-03-06 11:35:21	1	16	35	76	45	4.5	5
51	2024-03-06 12:05:25	1	17	35	75	43	4.5	5
52	2024-03-06 12:35:29	1	17	35	74	46	4.5	5
53	2024-03-06 13:05:32	1	17	34	73	46	4.5	5
54	2024-03-06 13:35:36	1	18	34	73	41	4.5	5
55	2024-03-06 14:05:40	1	18	34	73	65	4.5	5
56	2024-03-06 14:35:43	1	17	34	72	110	4.5	5
57	2024-03-06 15:05:47	1	17	34	72	121	4.5	5
58	2024-03-06 15:35:51	1	17	34	72	104	4.5	5
59	2024-03-06 16:05:54	1	17	34	72	81	4.5	5
60	2024-03-06 16:35:58	1	17	34	71	96	4.5	5
61	2024-03-06 17:06:02	1	17	34	72	123	4.5	5
62	2024-03-06 17:36:05	1	16	34	71	181	4.5	5
63	2024-03-06 18:06:09	1	16	34	71	352	4.5	5
64	2024-03-06 18:36:13	1	16	34	71	751	4.5	5
65	2024-03-06 19:06:16	1	16	34	71	839	4.5	5
66	2024-03-06 19:36:20	1	16	34	71	841	4.5	5
67	2024-03-06 20:06:24	1	16	34	71	841	4.5	5
68	2024-03-06 20:36:27	1	16	34	71	841	4.5	5
69	2024-03-06 21:06:31	1	16	34	71	841	4.5	5
70	2024-03-06 21:36:35	1	15	35	71	834	4.5	5
71	2024-03-06 22:06:38	1	15	35	71	844	4.5	5
72	2024-03-06 22:36:42	1	15	35	71	840	4.5	5
73	2024-03-06 23:06:46	1	15	35	71	839	4.5	5
74	2024-03-06 23:36:49	1	15	35	71	838	4.5	5
75	2024-03-07 00:06:53	1	15	35	71	839	4.5	5
76	2024-03-07 00:36:57	1	15	35	71	840	4.5	5
77	2024-03-07 01:07:00	1	15	34	71	841	4.5	5
78	2024-03-07 01:37:04	1	15	34	71	839	4.5	5
79	2024-03-07 02:07:08	1	15	34	71	838	4.5	5
80	2024-03-07 02:37:11	1	15	34	71	838	4.5	5
81	2024-03-07 03:07:15	1	15	34	71	837	4.5	5
82	2024-03-07 03:37:19	1	15	34	71	837	4.5	5
83	2024-03-07 04:07:22	1	15	34	67	838	4.5	5
84	2024-03-07 04:37:26	1	15	34	67	838	4.5	5
85	2024-03-07 05:07:30	1	15	34	66	835	4.5	5
86	2024-03-07 05:37:33	1	15	34	66	841	4.5	5
87	2024-03-07 06:07:37	1	15	34	67	832	4.5	5
88	2024-03-07 06:37:41	1	15	33	67	474	4.5	5
89	2024-03-07 07:07:44	1	15	33	67	421	4.5	5
90	2024-03-07 07:37:48	1	14	33	68	321	4.5	5
91	2024-03-07 08:07:52	1	14	33	68	267	4.5	5
92	2024-03-07 08:37:55	1	14	33	68	223	4.5	5
93	2024-03-07 09:07:59	1	14	33	68	188	4.6	5
94	2024-03-07 09:38:03	1	14	33	69	162	4.6	5
95	2024-03-07 10:08:06	1	15	33	69	103	4.6	5
96	2024-03-07 10:38:10	1	15	33	69	70	4.6	5
97	2024-03-07 11:08:13	1	15	33	69	110	4.6	5
98	2024-03-07 11:38:17	1	15	32	69	50	4.6	5
99	2024-03-07 12:08:21	1	16	31	70	55	4.6	5
100	2024-03-07 12:38:24	1	16	31	69	46	4.6	5
101	2024-03-07 13:08:28	1	17	30	70	72	4.6	5
102	2024-03-07 13:38:32	1	16	30	70	66	4.6	5
103	2024-03-07 14:08:35	1	17	29	70	69	4.6	5
104	2024-03-07 14:38:39	1	17	29	70	45	4.6	5
105	2024-03-07 15:08:43	1	17	29	70	52	4.6	5
106	2024-03-07 15:38:46	1	17	28	70	59	4.6	5
107	2024-03-07 16:08:50	1	17	28	70	93	4.6	5
108	2024-03-07 16:38:54	1	16	29	70	121	4.6	5
109	2024-03-07 17:08:57	1	16	29	70	132	4.6	5
110	2024-03-07 17:39:01	1	16	29	70	156	4.6	5
111	2024-03-07 18:00:04	1	16	29	70	218	4.6	5
112	2024-03-07 18:30:07	1	16	29	70	485	4.6	5
113	2024-03-07 19:00:11	1	15	30	70	836	4.6	5
114	2024-03-07 19:30:15	1	15	30	70	843	4.6	5
115	2024-03-07 20:00:18	1	15	30	70	846	4.6	5
116	2024-03-07 20:30:22	1	15	30	70	842	4.6	5
117	2024-03-07 21:00:26	1	15	29	70	843	4.6	5
118	2024-03-07 21:30:29	1	15	28	70	844	4.6	5
119	2024-03-07 22:00:33	1	15	28	69	841	4.6	5
120	2024-03-07 22:30:37	1	14	28	69	844	4.6	5
121	2024-03-07 23:00:40	1	14	28	69	843	4.6	5
122	2024-03-07 23:30:44	1	14	28	69	840	4.6	5
123	2024-03-08 00:00:47	1	14	28	69	840	4.6	5
124	2024-03-08 00:30:51	1	14	28	69	839	4.6	5
125	2024-03-08 01:00:55	1	14	28	69	837	4.6	5
126	2024-03-08 01:30:58	1	14	28	69	839	4.6	5
127	2024-03-08 02:00:02	1	14	28	69	838	4.6	5
128	2024-03-08 02:30:06	1	14	28	69	834	4.6	5
129	2024-03-08 03:00:09	1	14	28	69	837	4.6	5
130	2024-03-08 03:30:13	1	14	28	69	840	4.6	5
131	2024-03-08 04:00:17	1	14	28	69	838	4.6	5
132	2024-03-08 04:30:20	1	14	28	69	837	4.6	5
133	2024-03-08 05:00:24	1	14	28	69	840	4.6	5
134	2024-03-08 05:30:28	1	14	28	69	836	4.6	5
135	2024-03-08 06:00:31	1	14	28	69	842	4.6	5
136	2024-03-08 06:30:35	1	14	28	69	486	4.6	5
137	2024-03-08 07:00:39	1	14	28	68	377	4.6	5
138	2024-03-08 07:30:42	1	14	28	68	222	4.6	5
139	2024-03-08 08:00:46	1	14	28	69	159	4.6	5
140	2024-03-08 08:30:49	1	14	28	69	134	4.6	5
141	2024-03-08 09:00:53	1	14	28	69	111	4.8	5
142	2024-03-08 09:30:57	1	14	28	61	81	4.8	5
143	2024-03-08 10:01:00	1	14	28	61	71	4.8	5
144	2024-03-08 10:31:04	1	14	27	71	62	4.8	5
145	2024-03-08 11:01:08	1	15	27	70	56	4.8	5
146	2024-03-08 11:31:11	1	15	26	62	55	4.8	5
147	2024-03-08 12:01:15	1	16	25	61	51	4.8	5
148	2024-03-08 12:31:19	1	17	24	63	49	4.8	5
149	2024-03-08 13:01:22	1	17	24	64	58	4.8	5
150	2024-03-08 13:31:26	1	17	24	64	46	4.8	5
151	2024-03-08 14:01:30	1	17	24	64	46	4.8	5
152	2024-03-08 14:31:33	1	18	23	65	51	4.8	5
153	2024-03-08 15:01:37	1	17	23	65	52	4.8	5
154	2024-03-08 15:31:41	1	17	22	65	58	4.8	5
155	2024-03-08 16:01:44	1	17	22	64	65	4.8	5
156	2024-03-08 16:31:48	1	17	22	64	77	4.8	5
157	2024-03-08 17:01:52	1	17	23	65	93	4.8	5
158	2024-03-08 17:31:55	1	16	24	65	123	4.8	5
159	2024-03-08 18:01:59	1	16	24	65	220	4.8	5
160	2024-03-08 18:32:03	1	16	24	65	516	4.8	5
161	2024-03-08 19:02:06	1	15	25	64	844	4.8	5
162	2024-03-08 19:32:10	1	15	25	64	845	4.8	5
163	2024-03-08 20:02:14	1	15	25	64	847	4.8	5
164	2024-03-08 20:32:17	1	15	25	63	846	4.8	5
165	2024-03-08 21:02:21	1	15	25	63	846	4.8	5
166	2024-03-08 21:32:25	1	14	25	61	844	4.8	5
167	2024-03-08 22:02:28	1	14	25	62	845	4.8	5
168	2024-03-08 22:32:32	1	14	25	54	862	4.8	5
169	2024-03-08 23:02:35	1	14	25	55	857	4.8	5
170	2024-03-08 23:32:39	1	14	25	51	863	4.8	5
171	2024-03-09 00:02:43	1	14	25	51	862	4.8	5
172	2024-03-09 00:32:46	1	14	25	55	861	4.8	5
173	2024-03-09 01:02:50	1	14	25	58	843	4.8	5
174	2024-03-09 01:32:54	1	15	25	57	839	4.8	5
175	2024-03-09 02:02:57	1	15	25	57	845	4.8	5
176	2024-03-09 02:33:01	1	15	25	57	842	4.8	5
177	2024-03-09 03:03:05	1	14	24	57	844	4.8	5
178	2024-03-09 03:33:08	1	14	23	58	840	4.8	5
179	2024-03-09 04:03:12	1	14	23	57	843	4.8	5
180	2024-03-09 04:33:16	1	15	23	58	843	4.8	5
181	2024-03-09 05:03:19	1	15	23	58	842	4.8	5
182	2024-03-09 05:33:23	1	15	23	58	841	4.8	5
183	2024-03-09 06:03:27	1	14	23	59	842	4.8	5
184	2024-03-09 06:33:30	1	14	23	59	810	4.8	5
185	2024-03-09 07:03:34	1	14	22	59	362	4.8	5
186	2024-03-09 07:33:38	1	15	22	61	227	4.8	5
187	2024-03-09 08:03:41	1	15	23	58	166	4.8	5
188	2024-03-09 08:33:45	1	15	23	60	143	4.8	5
189	2024-03-09 09:03:48	1	15	23	58	110	4.8	5
190	2024-03-09 09:33:52	1	15	23	58	82	4.8	5
191	2024-03-09 10:03:56	1	15	23	58	73	4.8	5
192	2024-03-09 10:33:59	1	16	21	56	62	4.8	5
193	2024-03-09 11:04:03	1	17	21	56	57	4.8	5
194	2024-03-09 11:34:07	1	18	21	56	56	4.8	5
195	2024-03-09 12:04:10	1	18	21	56	53	4.8	5
196	2024-03-09 12:34:14	1	18	21	57	51	4.8	5
197	2024-03-09 13:04:18	1	18	21	56	49	4.8	5
198	2024-03-09 13:34:22	1	19	21	56	48	4.8	5
199	2024-03-09 14:04:25	1	20	20	56	48	4.8	5
200	2024-03-09 14:34:29	1	20	20	57	50	4.8	5
201	2024-03-09 15:04:33	1	21	19	57	54	4.8	5
202	2024-03-09 15:34:36	1	19	20	56	60	4.8	5
203	2024-03-09 16:04:40	1	19	20	57	68	4.8	5
204	2024-03-09 16:34:44	1	19	20	56	81	4.8	5
205	2024-03-09 17:04:47	1	19	20	58	97	4.8	5
206	2024-03-09 17:34:51	1	19	21	57	130	4.8	5
207	2024-03-09 18:04:55	1	19	21	57	236	4.8	5
208	2024-03-09 18:34:58	1	18	21	58	575	4.8	5
209	2024-03-09 19:05:02	1	17	21	57	858	4.8	5
210	2024-03-09 19:35:06	1	17	21	57	862	4.8	5
211	2024-03-09 20:05:09	1	18	21	57	856	4.8	5
212	2024-03-09 20:35:13	1	17	21	57	853	4.8	5
213	2024-03-09 21:05:17	1	17	21	49	862	4.8	5
214	2024-03-09 21:35:20	1	17	21	57	853	4.8	5
215	2024-03-09 22:05:24	1	16	21	56	855	4.8	5
216	2024-03-09 22:35:28	1	17	21	47	863	4.8	5
217	2024-03-09 23:05:31	1	17	21	50	868	4.8	5
218	2024-03-09 23:35:35	1	17	21	55	868	4.8	5
219	2024-03-10 00:05:39	1	17	21	56	853	4.8	5
220	2024-03-10 00:35:42	1	17	21	51	864	4.8	5
221	2024-03-10 01:05:46	1	16	21	51	866	4.8	5
222	2024-03-10 01:35:50	1	17	21	57	856	4.8	5
223	2024-03-10 02:05:53	1	17	21	55	864	4.8	5
224	2024-03-10 02:35:57	1	16	21	53	862	4.8	5
225	2024-03-10 03:06:01	1	16	21	51	862	4.8	5
226	2024-03-10 03:36:04	1	16	21	55	859	4.8	5
227	2024-03-10 04:06:08	1	16	21	53	868	4.8	5
228	2024-03-10 04:36:12	1	16	21	55	864	4.8	5
229	2024-03-10 05:06:15	1	17	20	55	862	4.8	5
230	2024-03-10 05:36:19	1	16	21	54	864	4.8	5
231	2024-03-10 06:06:23	1	16	21	55	861	4.8	5
232	2024-03-10 06:36:26	1	16	21	54	759	4.8	5
233	2024-03-10 07:06:30	1	15	22	55	329	4.8	5
234	2024-03-10 07:36:34	1	16	21	54	214	4.8	5
235	2024-03-10 08:06:37	1	17	21	54	163	4.8	5
236	2024-03-10 08:36:41	1	16	21	54	141	4.8	5
237	2024-03-10 09:06:45	1	16	21	53	106	4.9	6
238	2024-03-10 09:36:48	1	16	21	54	83	4.9	6
239	2024-03-10 10:06:52	1	16	21	53	72	4.9	6
240	2024-03-10 10:36:56	1	17	21	54	64	4.9	6
241	2024-03-10 11:06:59	1	18	21	54	59	4.9	6
242	2024-03-10 11:37:03	1	19	21	53	56	4.9	6
243	2024-03-10 12:07:07	1	19	21	53	53	4.9	6
244	2024-03-10 12:37:10	1	19	20	53	51	4.9	6
245	2024-03-10 13:07:14	1	19	20	52	49	4.9	6
246	2024-03-10 13:37:18	1	20	20	54	48	4.9	6
247	2024-03-10 14:07:21	1	20	20	52	50	4.9	6
248	2024-03-10 14:37:25	1	21	19	53	52	4.9	6
249	2024-03-10 15:07:29	1	20	20	51	56	4.9	6
250	2024-03-10 15:37:32	1	20	20	51	63	4.9	6
251	2024-03-10 16:07:36	1	19	21	52	72	4.9	6
252	2024-03-10 16:37:40	1	20	21	51	86	4.9	6
253	2024-03-10 17:07:43	1	20	21	51	105	4.9	6
254	2024-03-10 17:37:47	1	19	21	50	147	4.9	6
255	2024-03-10 18:07:51	1	19	21	49	263	4.9	6
256	2024-03-10 18:37:55	1	19	21	49	634	4.9	6
257	2024-03-10 19:07:58	1	18	21	48	870	4.9	6
258	2024-03-10 19:38:02	1	18	21	48	871	4.9	6
259	2024-03-10 20:08:06	1	19	21	48	869	4.9	6
260	2024-03-10 20:38:09	1	18	21	48	863	4.9	6
261	2024-03-10 21:08:13	1	17	21	47	868	4.9	6
262	2024-03-10 21:38:17	1	17	21	46	866	4.9	6
263	2024-03-10 22:08:20	1	17	21	45	869	4.9	6
264	2024-03-10 22:38:24	1	19	21	45	869	4.9	6
265	2024-03-10 23:08:28	1	18	21	44	867	4.9	6
266	2024-03-10 23:38:31	1	18	21	43	868	4.9	6
267	2024-03-11 00:08:35	2	18	21	42	871	4.9	6
268	2024-03-11 00:38:39	2	17	21	42	865	4.9	6
269	2024-03-11 01:08:42	2	17	21	41	868	4.9	6
270	2024-03-11 01:38:46	2	17	21	41	866	4.9	6
271	2024-03-11 02:08:50	2	17	21	40	863	4.9	6
272	2024-03-11 02:38:53	2	17	21	41	862	4.9	6
273	2024-03-11 03:08:57	2	17	21	38	861	4.9	6
274	2024-03-11 03:39:00	2	17	21	38	863	4.9	6
275	2024-03-11 04:09:04	2	16	21	40	862	4.9	6
276	2024-03-11 04:39:08	2	16	21	38	862	4.9	6
277	2024-03-11 05:09:11	2	16	21	36	862	4.9	6
278	2024-03-11 05:39:15	2	16	21	37	861	4.9	6
279	2024-03-11 06:09:19	2	16	21	36	862	4.9	6
280	2024-03-11 06:39:22	2	16	21	35	473	4.9	6
281	2024-03-11 07:09:26	2	16	21	35	273	4.9	6
282	2024-03-11 07:39:30	2	16	21	34	189	4.9	6
283	2024-03-11 08:09:33	2	16	21	34	139	4.9	6
284	2024-03-11 08:39:37	2	16	21	35	116	4.9	6
285	2024-03-11 09:09:41	2	16	21	16	95	5.0	7
286	2024-03-11 09:39:44	2	16	21	21	91	5.0	7
287	2024-03-11 10:09:48	2	16	21	34	90	5.0	7
288	2024-03-11 10:39:52	2	17	21	33	71	5.0	7
289	2024-03-11 11:00:54	2	17	21	13	78	5.0	7
290	2024-03-11 12:02:04	2	19	25	3	116	5.0	7
291	2024-03-11 17:09:17	2	18	24	7	161	5.0	7
292	2024-03-11 22:09:53	2	17	25	12	854	5.0	7
293	2024-03-12 03:10:29	2	16	26	10	849	5.0	7
294	2024-03-12 08:11:05	2	15	28	9	219	5.0	7
295	2024-03-12 11:30:28	2	19	35	9	85	5.0	7
296	2024-03-12 12:00:29	2	19	37	10	81	5.0	7
297	2024-03-12 12:33:37	2	19	37	8	118	5.0	7
298	2024-03-12 13:07:45	2	19	37	5	106	5.0	7
299	2024-03-12 13:37:48	2	18	37	6	102	5.0	7
300	2024-03-12 14:07:52	2	17	38	8	100	5.0	7
301	2024-03-12 14:37:55	2	17	37	6	101	5.0	7
302	2024-03-12 15:07:59	2	17	35	8	105	5.0	7
303	2024-03-12 15:38:03	2	17	35	7	107	5.0	7
304	2024-03-12 16:08:06	2	17	35	6	97	5.0	7
305	2024-03-12 16:38:10	2	16	35	7	109	5.0	7
306	2024-03-12 17:08:14	2	16	35	8	212	5.0	7
307	2024-03-12 17:38:17	2	16	35	6	239	5.0	7
308	2024-03-12 18:08:21	2	16	35	8	555	5.0	7
309	2024-03-12 18:38:25	2	16	35	5	785	5.0	7
310	2024-03-12 19:08:28	2	16	35	8	862	5.0	7
311	2024-03-12 19:38:32	2	16	35	7	864	5.0	7
312	2024-03-12 20:08:36	2	16	35	6	863	5.0	7
313	2024-03-12 20:38:39	2	16	35	6	862	5.0	7
314	2024-03-12 21:08:43	2	16	35	5	860	5.0	7
315	2024-03-12 21:38:46	2	15	36	6	859	5.0	7
316	2024-03-12 22:08:50	2	15	36	6	860	5.0	7
317	2024-03-12 22:38:53	2	15	35	6	860	5.0	7
318	2024-03-12 23:08:57	2	15	35	5	860	5.0	7
319	2024-03-12 23:39:01	2	15	35	5	860	5.0	7
320	2024-03-13 00:09:04	2	15	35	5	858	5.0	7
321	2024-03-13 00:39:08	2	15	35	5	861	5.0	7
322	2024-03-13 01:09:11	2	15	35	5	861	5.0	7
323	2024-03-13 01:39:15	2	15	35	6	860	5.0	7
324	2024-03-13 02:09:19	2	15	35	6	863	5.0	7
325	2024-03-13 02:39:22	2	15	35	6	860	5.0	7
326	2024-03-13 03:09:26	2	15	35	7	860	5.0	7
327	2024-03-13 03:39:29	2	15	35	6	859	5.0	7
328	2024-03-13 04:09:33	2	15	34	5	859	5.0	7
329	2024-03-13 04:39:37	2	15	34	5	861	5.0	7
330	2024-03-13 05:09:40	2	15	34	5	858	5.0	7
331	2024-03-13 05:39:44	2	14	34	4	857	5.0	7
332	2024-03-13 06:09:47	2	14	34	5	862	5.0	7
333	2024-03-13 06:39:51	2	14	34	4	710	5.0	7
334	2024-03-13 07:09:55	2	14	33	4	405	5.0	7
335	2024-03-13 07:39:58	2	14	33	5	241	5.0	7
336	2024-03-13 08:10:02	2	14	34	4	215	5.0	7
337	2024-03-13 08:40:05	2	14	33	5	170	5.0	7
338	2024-03-13 09:10:09	2	14	33	6	142	5.1	7
339	2024-03-13 09:40:12	2	14	34	6	124	5.1	7
340	2024-03-13 10:10:16	2	14	33	6	110	5.1	7
341	2024-03-13 10:40:20	2	15	34	6	94	5.1	7
342	2024-03-13 11:10:23	2	15	34	6	92	5.1	7
343	2024-03-13 11:40:27	2	15	34	6	85	5.1	7
344	2024-03-13 12:10:30	2	16	33	6	79	5.1	7
345	2024-03-13 12:40:34	2	16	33	6	78	5.1	7
346	2024-03-13 13:10:38	2	17	33	5	77	5.1	7
347	2024-03-13 13:40:41	2	17	33	6	77	5.1	7
348	2024-03-13 14:10:45	2	17	32	7	77	5.1	7
349	2024-03-13 14:40:48	2	17	32	5	77	5.1	7
350	2024-03-13 15:10:52	2	18	31	5	85	5.1	7
351	2024-03-13 15:40:56	2	18	30	5	92	5.1	7
352	2024-03-13 16:10:59	2	18	30	7	104	5.1	7
353	2024-03-13 16:41:03	2	18	30	8	122	5.1	7
354	2024-03-13 17:11:07	2	17	30	6	149	5.1	7
355	2024-03-13 17:41:10	2	17	30	6	204	5.1	7
356	2024-03-13 18:11:14	2	17	30	4	358	5.1	7
357	2024-03-13 18:41:17	2	17	30	4	720	5.1	7
358	2024-03-13 19:11:21	2	17	30	4	863	5.1	7
359	2024-03-13 19:41:25	2	17	30	5	862	5.1	7
360	2024-03-13 20:11:28	2	16	30	6	861	5.1	7
361	2024-03-13 20:41:32	2	16	29	6	862	5.1	7
362	2024-03-13 21:11:35	2	16	30	5	861	5.1	7
363	2024-03-13 21:41:39	2	16	30	5	861	5.1	7
364	2024-03-13 22:11:42	2	16	30	5	860	5.1	7
365	2024-03-13 22:41:46	2	16	30	6	860	5.1	7
366	2024-03-13 23:11:50	2	16	30	6	861	5.1	7
367	2024-03-13 23:41:53	2	15	31	5	860	5.1	7
368	2024-03-14 00:11:57	2	15	31	5	862	5.1	7
369	2024-03-14 00:42:00	2	15	31	8	861	5.1	7
370	2024-03-14 01:12:04	2	15	31	7	859	5.1	7
371	2024-03-14 01:42:08	2	15	31	7	861	5.1	7
372	2024-03-14 02:12:11	2	15	31	6	859	5.1	7
373	2024-03-14 02:42:15	2	15	31	5	856	5.1	7
374	2024-03-14 03:12:18	2	15	31	6	856	5.1	7
375	2024-03-14 03:42:22	2	15	31	6	856	5.1	7
376	2024-03-14 04:12:26	2	15	31	5	857	5.1	7
377	2024-03-14 04:42:29	2	15	31	7	856	5.1	7
378	2024-03-14 05:12:33	2	15	31	7	857	5.1	7
379	2024-03-14 05:42:36	2	15	31	6	859	5.1	7
380	2024-03-14 06:12:40	2	14	31	6	853	5.1	7
381	2024-03-14 06:42:43	2	14	31	6	259	5.1	7
382	2024-03-14 07:12:47	2	14	31	6	232	5.1	7
383	2024-03-14 07:42:51	2	14	31	5	193	5.1	7
384	2024-03-14 08:12:54	2	14	31	6	172	5.1	7
385	2024-03-14 08:42:58	2	14	31	7	149	5.1	7
386	2024-03-14 09:13:01	2	14	31	6	131	5.2	7
387	2024-03-14 09:43:05	2	14	31	6	115	5.2	7
388	2024-03-14 10:13:09	2	14	32	7	103	5.2	7
389	2024-03-14 10:43:12	2	15	32	5	94	5.2	7
390	2024-03-14 11:13:16	2	15	32	7	86	5.2	7
391	2024-03-14 11:43:19	2	15	33	8	81	5.2	7
392	2024-03-14 12:13:23	2	16	32	6	78	5.2	7
393	2024-03-14 12:30:46	2	16	32	6	80	5.2	7
394	2024-03-14 13:00:09	2	18	33	46	63	5.2	7
395	2024-03-14 13:30:13	2	18	32	5	60	5.2	7
396	2024-03-14 14:00:14	2	19	33	5	60	5.2	7
397	2024-03-14 14:30:16	2	19	32	5	62	5.2	7
398	2024-03-14 15:00:17	2	19	32	5	79	5.2	7
399	2024-03-14 15:30:20	2	18	32	4	84	5.2	7
400	2024-03-14 16:00:20	2	18	32	4	92	5.2	7
401	2024-03-14 16:30:23	2	18	31	4	109	5.2	7
402	2024-03-14 17:00:24	2	18	31	4	123	5.2	7
403	2024-03-14 17:30:27	2	17	32	4	158	5.2	7
404	2024-03-14 18:00:28	2	17	31	4	209	5.2	7
405	2024-03-14 18:30:29	2	17	32	5	513	5.2	7
406	2024-03-14 19:00:30	2	17	32	4	859	5.2	7
407	2024-03-14 19:30:06	2	17	31	4	870	5.2	7
408	2024-03-14 20:00:07	2	17	31	5	861	5.2	7
409	2024-03-14 20:30:10	2	17	31	3	860	5.2	7
410	2024-03-14 21:00:11	2	16	31	4	859	5.2	7
411	2024-03-14 21:30:19	2	16	32	3	860	5.2	7
412	2024-03-14 22:00:20	2	16	32	3	859	5.2	7
413	2024-03-14 22:30:24	2	16	31	2	861	5.2	7
414	2024-03-14 23:00:25	2	16	32	3	858	5.2	7
415	2024-03-14 23:30:29	2	16	31	4	862	5.2	7
416	2024-03-15 00:00:30	2	16	31	4	862	5.2	7
417	2024-03-15 00:30:05	2	16	31	3	863	5.2	7
418	2024-03-15 01:00:06	2	16	31	5	860	5.2	7
419	2024-03-15 08:30:23	2	15	33	5	161	5.2	7
420	2024-03-15 09:00:21	2	15	33	4	137	5.3	7
421	2024-03-15 09:30:22	2	15	33	3	121	5.3	7
422	2024-03-15 10:00:23	2	15	33	3	107	5.3	7
423	2024-03-15 10:30:24	2	15	33	3	98	5.3	7
424	2024-03-15 11:00:25	2	16	32	4	88	5.3	7
425	2024-03-15 11:30:26	2	16	32	6	84	5.3	7
426	2024-03-15 12:00:27	2	17	32	6	80	5.3	7
427	2024-03-15 12:30:28	2	17	32	4	77	5.3	7
428	2024-03-15 13:00:29	2	17	32	4	76	5.3	7
429	2024-03-15 13:30:30	2	17	31	4	75	5.3	7
430	2024-03-15 14:00:01	2	18	31	5	76	5.3	7
431	2024-03-15 14:30:02	2	18	31	3	76	5.3	7
432	2024-03-15 15:00:02	2	18	31	3	79	5.3	7
433	2024-03-15 15:30:03	2	18	30	4	86	5.3	7
434	2024-03-15 16:00:04	2	18	30	6	96	5.3	7
435	2024-03-15 16:30:05	2	18	30	4	108	5.3	7
436	2024-03-15 17:00:06	2	18	30	5	126	5.3	7
437	2024-03-15 17:30:07	2	17	30	4	156	5.3	7
438	2024-03-15 18:00:08	2	17	30	4	212	5.3	7
439	2024-03-15 18:30:09	2	17	30	4	490	5.3	7
440	2024-03-15 19:00:10	2	17	30	4	861	5.3	7
441	2024-03-15 19:30:11	2	17	30	23	875	5.3	7
442	2024-03-15 20:00:12	2	17	30	25	874	5.3	7
443	2024-03-15 20:30:13	2	17	31	29	874	5.3	7
444	2024-03-15 21:00:14	2	17	31	21	872	5.3	7
445	2024-03-15 21:30:15	2	17	31	5	873	5.3	7
446	2024-03-15 22:00:16	2	16	31	4	872	5.3	7
447	2024-03-15 22:30:17	2	16	30	8	872	5.3	7
448	2024-03-15 23:00:18	2	16	30	32	872	5.3	7
449	2024-03-15 23:30:19	2	16	30	9	872	5.3	7
450	2024-03-16 00:00:20	2	16	30	3	871	5.3	7
451	2024-03-16 00:30:21	2	16	30	27	871	5.3	7
452	2024-03-16 01:00:22	2	16	30	26	870	5.3	7
453	2024-03-16 01:30:23	2	17	31	31	874	5.3	7
454	2024-03-16 02:00:24	2	17	31	4	873	5.3	7
455	2024-03-16 02:30:25	2	17	30	4	871	5.3	7
456	2024-03-16 03:00:26	2	16	30	4	870	5.3	7
457	2024-03-16 03:30:26	2	16	30	5	867	5.3	7
458	2024-03-16 04:00:27	2	16	30	4	869	5.3	7
459	2024-03-16 04:30:28	2	17	30	4	871	5.3	7
460	2024-03-16 05:00:29	2	17	30	5	871	5.3	7
461	2024-03-16 05:30:30	2	17	30	4	867	5.3	7
462	2024-03-16 06:00:01	2	17	30	4	870	5.3	7
463	2024-03-16 06:30:02	2	16	30	4	788	5.3	7
464	2024-03-16 07:00:03	2	16	30	3	407	5.3	7
465	2024-03-16 07:30:04	2	17	30	3	281	5.3	7
466	2024-03-16 08:00:05	2	17	30	3	220	5.3	7
467	2024-03-16 08:30:06	2	17	30	4	184	5.3	7
468	2024-03-16 09:00:07	2	17	30	4	153	5.3	7
469	2024-03-16 09:30:08	2	17	30	3	131	5.3	7
470	2024-03-16 10:00:09	2	17	30	3	115	5.3	7
471	2024-03-16 10:30:10	2	17	32	3	102	5.3	7
472	2024-03-16 11:00:11	2	18	31	2	94	5.3	7
473	2024-03-16 11:30:12	2	19	31	2	88	5.3	7
474	2024-03-16 12:00:13	2	19	31	5	82	5.3	7
475	2024-03-16 12:30:14	2	19	31	4	79	5.3	7
476	2024-03-16 13:00:15	2	19	31	3	78	5.3	7
477	2024-03-16 13:30:16	2	19	31	6	75	5.3	7
478	2024-03-16 14:00:17	2	20	31	3	74	5.3	7
479	2024-03-16 14:30:18	2	20	31	2	92	5.3	7
480	2024-03-16 15:00:19	2	20	30	3	77	5.3	7
481	2024-03-16 15:30:20	2	20	30	3	89	5.3	7
482	2024-03-16 16:00:21	2	20	30	2	98	5.3	7
483	2024-03-16 16:30:22	2	20	30	3	135	5.3	7
484	2024-03-16 17:00:22	2	20	30	3	134	5.3	7
485	2024-03-16 17:30:23	2	20	30	3	282	5.3	7
486	2024-03-16 18:00:24	2	20	29	4	486	5.3	7
487	2024-03-16 18:30:25	2	19	29	4	653	5.3	7
488	2024-03-16 19:00:26	2	19	29	4	878	5.3	7
489	2024-03-16 19:30:27	2	19	29	4	878	5.3	7
490	2024-03-16 20:00:28	2	19	30	4	877	5.3	7
491	2024-03-16 20:30:29	2	19	30	4	875	5.3	7
492	2024-03-16 21:00:30	2	19	30	4	875	5.3	7
493	2024-03-16 21:30:01	2	18	30	4	873	5.3	7
494	2024-03-16 22:00:02	2	18	30	6	873	5.3	7
495	2024-03-16 22:30:03	2	19	30	5	875	5.3	7
496	2024-03-16 23:00:04	2	19	30	3	875	5.3	7
497	2024-03-16 23:30:05	2	19	30	4	874	5.3	7
498	2024-03-17 00:00:06	2	19	29	3	871	5.3	7
499	2024-03-17 00:30:07	2	19	29	3	873	5.3	7
500	2024-03-17 01:00:08	2	18	28	2	877	5.3	7
501	2024-03-17 01:30:09	2	19	29	3	872	5.3	7
502	2024-03-17 02:00:10	2	19	29	2	871	5.3	7
503	2024-03-17 02:30:11	2	19	29	4	869	5.3	7
504	2024-03-17 03:00:12	2	18	29	3	868	5.3	7
505	2024-03-17 03:30:13	2	18	29	3	870	5.3	7
506	2024-03-17 04:00:14	2	18	29	4	868	5.3	7
507	2024-03-17 04:30:15	2	18	30	3	872	5.3	7
508	2024-03-17 05:00:16	2	19	30	3	870	5.3	7
509	2024-03-17 05:30:16	2	18	30	4	875	5.3	7
510	2024-03-17 06:00:17	2	18	30	4	869	5.3	7
511	2024-03-17 06:30:18	2	18	30	3	834	5.3	7
512	2024-03-17 07:00:19	2	18	30	4	619	5.3	7
513	2024-03-17 07:30:20	2	18	31	4	532	5.3	7
514	2024-03-17 08:00:21	2	19	32	4	409	5.3	7
515	2024-03-17 08:30:22	2	18	32	4	272	5.3	7
516	2024-03-17 09:00:23	2	18	32	2	271	5.4	8
517	2024-03-17 09:30:24	2	18	32	5	268	5.4	8
518	2024-03-17 10:00:25	2	18	32	5	224	5.4	8
519	2024-03-17 10:30:26	2	19	33	4	176	5.4	8
520	2024-03-17 11:00:27	2	19	33	5	169	5.4	8
521	2024-03-17 11:30:28	2	19	33	4	94	5.4	8
522	2024-03-17 12:00:29	2	19	33	5	91	5.4	8
523	2024-03-17 12:30:30	2	19	32	6	120	5.4	8
524	2024-03-17 13:00:01	2	19	32	5	124	5.4	8
525	2024-03-17 13:30:02	2	20	32	4	86	5.4	8
526	2024-03-17 14:00:03	2	20	31	5	78	5.4	8
527	2024-03-17 14:30:04	2	21	30	4	86	5.4	8
528	2024-03-17 15:00:05	2	21	30	6	99	5.4	8
529	2024-03-17 15:30:06	2	20	30	4	121	5.4	8
530	2024-03-17 16:00:07	2	20	30	4	110	5.4	8
531	2024-03-17 16:30:08	2	21	29	4	119	5.4	8
532	2024-03-17 17:00:09	2	21	29	4	162	5.4	8
533	2024-03-17 17:30:10	2	20	30	5	233	5.4	8
534	2024-03-17 18:00:11	2	20	30	4	331	5.4	8
535	2024-03-17 18:30:11	2	20	30	4	591	5.4	8
536	2024-03-17 19:00:12	2	19	30	4	868	5.4	8
537	2024-03-17 19:30:13	2	19	30	3	876	5.4	8
538	2024-03-17 20:00:14	2	19	30	4	876	5.4	8
539	2024-03-17 20:30:15	2	19	29	3	879	5.4	8
540	2024-03-17 21:00:16	2	19	29	4	874	5.4	8
541	2024-03-17 21:30:17	2	19	29	5	873	5.4	8
542	2024-03-17 22:00:18	2	19	29	5	873	5.4	8
543	2024-03-17 22:30:19	2	19	29	4	879	5.4	8
544	2024-03-17 23:00:20	2	19	29	4	873	5.4	8
545	2024-03-17 23:30:21	2	19	29	5	873	5.4	8
546	2024-03-18 00:00:22	3	19	28	5	869	5.4	8
547	2024-03-18 00:30:23	3	19	28	4	874	5.4	8
548	2024-03-18 01:00:24	3	19	27	4	875	5.4	8
549	2024-03-18 01:30:25	3	18	27	4	871	5.4	8
550	2024-03-18 02:00:26	3	18	27	5	870	5.4	8
551	2024-03-18 02:30:27	3	18	27	6	869	5.4	8
552	2024-03-18 03:00:28	3	18	27	4	869	5.4	8
553	2024-03-18 03:30:29	3	18	27	4	869	5.4	8
554	2024-03-18 04:00:30	3	18	26	3	872	5.4	8
555	2024-03-18 04:30:01	3	18	26	4	869	5.4	8
556	2024-03-18 05:00:02	3	17	26	8	869	5.4	8
557	2024-03-18 05:30:03	3	17	25	4	865	5.4	8
558	2024-03-18 06:00:04	3	17	25	4	867	5.4	8
559	2024-03-18 06:30:05	3	17	25	5	738	5.4	8
560	2024-03-18 07:00:06	3	17	25	4	386	5.4	8
561	2024-03-18 07:30:06	3	17	25	5	278	5.4	8
562	2024-03-18 08:00:07	3	17	25	5	222	5.4	8
563	2024-03-18 08:30:08	3	17	25	5	154	5.4	8
564	2024-03-18 09:00:09	3	17	25	3	136	5.5	8
565	2024-03-18 09:30:10	3	17	25	4	119	5.5	8
566	2024-03-18 10:00:11	3	17	25	4	108	5.5	8
567	2024-03-18 10:30:12	3	18	31	4	115	5.5	8
568	2024-03-18 11:00:13	3	18	27	4	97	5.5	8
569	2024-03-18 11:30:14	3	18	28	6	91	5.5	8
570	2024-03-18 12:00:15	3	18	26	4	85	5.5	8
571	2024-03-18 12:30:16	3	19	25	4	82	5.5	8
572	2024-03-18 13:00:17	3	19	25	4	82	5.5	8
573	2024-03-18 13:30:18	3	19	25	3	82	5.5	8
574	2024-03-18 14:00:19	3	19	24	4	82	5.5	8
575	2024-03-18 14:30:20	3	20	24	5	83	5.5	8
576	2024-03-18 15:00:20	3	20	24	3	86	5.5	8
577	2024-03-18 15:30:21	3	20	24	4	94	5.5	8
578	2024-03-18 16:00:22	3	19	24	3	104	5.5	8
579	2024-03-18 16:30:23	3	19	24	6	121	5.5	8
580	2024-03-18 17:00:24	3	19	24	5	150	5.5	8
581	2024-03-18 17:30:25	3	19	24	5	193	5.5	8
582	2024-03-18 18:00:26	3	19	24	4	238	5.5	8
583	2024-03-18 18:30:27	3	19	24	5	594	5.5	8
584	2024-03-18 19:00:28	3	19	24	6	858	5.5	8
585	2024-03-18 19:30:29	3	18	24	5	867	5.5	8
586	2024-03-18 20:00:30	3	18	24	5	865	5.5	8
587	2024-03-18 20:30:01	3	18	24	4	863	5.5	8
588	2024-03-18 21:00:02	3	18	24	4	864	5.5	8
589	2024-03-18 21:30:03	3	18	24	4	862	5.5	8
590	2024-03-18 22:00:04	3	18	24	4	857	5.5	8
591	2024-03-18 22:30:05	3	17	24	5	864	5.5	8
592	2024-03-18 23:00:06	3	17	24	5	862	5.5	8
593	2024-03-18 23:30:07	3	17	24	4	863	5.5	8
594	2024-03-19 00:00:08	3	17	24	5	861	5.5	8
595	2024-03-19 00:30:09	3	17	23	5	859	5.5	8
596	2024-03-19 01:00:10	3	17	22	4	860	5.5	8
597	2024-03-19 01:30:11	3	17	22	5	857	5.5	8
598	2024-03-19 02:00:12	3	17	22	5	858	5.5	8
599	2024-03-19 02:30:13	3	17	22	4	858	5.5	8
600	2024-03-19 03:00:14	3	17	22	5	856	5.5	8
601	2024-03-19 03:30:15	3	17	22	4	860	5.5	8
602	2024-03-19 04:00:15	3	17	22	5	857	5.5	8
603	2024-03-19 04:30:16	3	17	22	4	857	5.5	8
604	2024-03-19 05:00:17	3	17	22	5	855	5.5	8
605	2024-03-19 05:30:18	3	17	23	3	859	5.5	8
606	2024-03-19 06:00:19	3	17	23	5	861	5.5	8
607	2024-03-19 06:30:20	3	17	24	5	840	5.5	8
608	2024-03-19 07:00:21	3	17	24	5	252	5.5	8
609	2024-03-19 07:30:22	3	17	24	4	241	5.5	8
610	2024-03-19 08:00:23	3	17	24	4	231	5.5	8
611	2024-03-19 08:30:24	3	17	24	4	236	5.5	8
612	2024-03-19 09:00:25	3	17	25	3	197	5.5	8
613	2024-03-19 09:30:26	3	17	25	4	177	5.5	8
614	2024-03-19 10:00:27	3	17	25	3	149	5.5	8
615	2024-03-19 10:30:28	3	17	25	6	152	5.5	8
616	2024-03-19 11:00:29	3	17	26	4	96	5.5	8
617	2024-03-19 11:30:30	3	17	26	4	152	5.5	8
618	2024-03-19 12:00:01	3	17	27	4	180	5.5	8
619	2024-03-19 12:30:02	3	17	27	4	195	5.5	8
620	2024-03-19 13:00:03	3	17	28	3	127	5.5	8
621	2024-03-19 13:30:04	3	17	28	4	147	5.5	8
622	2024-03-19 14:00:05	3	17	27	4	77	5.5	8
623	2024-03-19 14:30:06	3	17	28	4	109	5.5	8
624	2024-03-19 15:00:07	3	17	28	3	97	5.5	8
625	2024-03-19 15:30:08	3	17	28	3	101	5.5	8
626	2024-03-19 16:00:09	3	17	27	4	126	5.5	8
627	2024-03-19 16:30:09	3	17	27	4	133	5.5	8
628	2024-03-19 17:00:10	3	17	27	3	140	5.5	8
629	2024-03-19 17:30:11	3	17	27	4	185	5.5	8
630	2024-03-19 18:00:12	3	17	26	3	230	5.5	8
631	2024-03-19 18:30:13	3	17	25	4	269	5.5	8
632	2024-03-19 19:00:14	3	17	26	4	278	5.5	8
633	2024-03-19 19:30:15	3	17	26	4	786	5.5	8
634	2024-03-19 20:00:16	3	17	26	3	789	5.5	8
635	2024-03-19 20:30:17	3	17	26	2	785	5.5	8
636	2024-03-19 21:00:18	3	17	26	3	782	5.5	8
637	2024-03-19 21:30:19	3	16	26	4	863	5.5	8
638	2024-03-19 22:00:20	3	16	26	6	859	5.5	8
639	2024-03-19 22:30:21	3	16	26	4	858	5.5	8
640	2024-03-19 23:00:22	3	16	26	2	861	5.5	8
641	2024-03-19 23:30:23	3	16	26	3	860	5.5	8
642	2024-03-20 00:00:24	3	16	26	2	859	5.5	8
643	2024-03-20 00:30:25	3	16	26	4	858	5.5	8
644	2024-03-20 01:00:26	3	16	26	4	858	5.5	8
645	2024-03-20 01:30:27	3	16	26	4	859	5.5	8
646	2024-03-20 02:00:28	3	16	26	4	861	5.5	8
647	2024-03-20 02:30:29	3	16	26	3	860	5.5	8
648	2024-03-20 03:00:30	3	16	25	2	862	5.5	8
649	2024-03-20 03:30:01	3	16	26	4	856	5.5	8
650	2024-03-20 04:00:02	3	16	26	4	859	5.5	8
651	2024-03-20 04:30:03	3	16	26	4	860	5.5	8
652	2024-03-20 05:00:03	3	16	26	5	861	5.5	8
653	2024-03-20 05:30:04	3	16	26	4	857	5.5	8
654	2024-03-20 06:00:05	3	16	25	2	857	5.5	8
655	2024-03-20 06:30:06	3	15	26	3	718	5.5	8
656	2024-03-20 07:00:07	3	15	26	4	233	5.5	8
657	2024-03-20 07:30:08	3	15	26	4	201	5.5	8
658	2024-03-20 08:00:09	3	15	26	3	183	5.5	8
659	2024-03-20 08:30:10	3	15	26	5	160	5.5	8
660	2024-03-20 09:00:11	3	15	26	4	142	5.6	8
661	2024-03-20 09:30:12	3	16	25	3	125	5.6	8
662	2024-03-20 10:00:13	3	16	26	3	113	5.6	8
663	2024-03-20 10:30:14	3	16	25	4	101	5.6	8
664	2024-03-20 11:00:15	3	16	25	4	92	5.6	8
665	2024-03-20 11:30:16	3	17	25	3	130	5.6	8
666	2024-03-20 12:00:17	3	17	25	4	80	5.6	8
667	2024-03-20 12:30:18	3	17	25	3	126	5.6	8
668	2024-03-20 13:00:19	3	17	24	4	82	5.6	8
669	2024-03-20 13:30:20	3	17	24	3	82	5.6	8
670	2024-03-20 14:00:21	3	18	24	3	83	5.6	8
671	2024-03-20 14:30:22	3	18	24	4	83	5.6	8
672	2024-03-20 15:00:23	3	18	23	4	83	5.6	8
673	2024-03-20 15:30:24	3	18	23	3	93	5.6	8
674	2024-03-20 16:00:25	3	18	22	4	102	5.6	8
675	2024-03-20 16:30:26	3	18	22	3	116	5.6	8
676	2024-03-20 17:00:27	3	18	22	5	133	5.6	8
677	2024-03-20 17:30:27	3	17	22	5	160	5.6	8
678	2024-03-20 18:00:28	3	17	24	4	210	5.6	8
679	2024-03-20 18:30:29	3	17	24	3	462	5.6	8
680	2024-03-20 19:00:30	3	17	24	4	830	5.6	8
681	2024-03-20 19:30:01	3	17	24	4	863	5.6	8
682	2024-03-20 20:00:02	3	17	24	4	862	5.6	8
683	2024-03-20 20:30:03	3	17	24	3	861	5.6	8
684	2024-03-20 21:00:04	3	16	24	3	862	5.6	8
685	2024-03-20 21:30:05	3	16	24	5	860	5.6	8
686	2024-03-20 22:00:06	3	16	24	3	863	5.6	8
687	2024-03-20 22:30:07	3	16	24	4	859	5.6	8
688	2024-03-20 23:00:08	3	16	24	3	859	5.6	8
689	2024-03-20 23:30:09	3	16	24	4	860	5.6	8
690	2024-03-21 00:00:10	3	16	24	3	861	5.6	8
691	2024-03-21 00:30:11	3	16	24	3	858	5.6	8
692	2024-03-21 01:00:12	3	16	24	5	857	5.6	8
693	2024-03-21 01:30:13	3	16	24	3	862	5.6	8
694	2024-03-21 02:00:14	3	15	24	4	860	5.6	8
695	2024-03-21 02:30:15	3	15	25	4	857	5.6	8
696	2024-03-21 03:00:16	3	15	25	3	858	5.6	8
697	2024-03-21 03:30:17	3	15	24	3	858	5.6	8
698	2024-03-21 04:00:18	3	15	25	4	860	5.6	8
699	2024-03-21 04:30:19	3	15	24	3	858	5.6	8
700	2024-03-21 05:00:20	3	15	24	4	858	5.6	8
701	2024-03-21 05:30:21	3	15	24	4	856	5.6	8
702	2024-03-21 06:00:22	3	15	24	3	858	5.6	8
703	2024-03-21 06:30:22	3	15	24	4	686	5.6	8
704	2024-03-21 07:00:23	3	15	23	3	229	5.6	8
705	2024-03-21 07:30:24	3	15	24	4	204	5.6	8
706	2024-03-21 08:00:25	3	15	24	4	176	5.6	8
707	2024-03-21 08:30:26	3	15	25	2	160	5.6	8
708	2024-03-21 09:00:27	3	15	25	4	142	5.6	8
709	2024-03-21 09:30:28	3	15	25	3	126	5.6	8
710	2024-03-21 10:00:29	3	15	25	3	113	5.6	8
711	2024-03-21 10:30:30	3	15	25	2	104	5.6	8
712	2024-03-21 11:00:01	3	15	26	4	96	5.6	8
713	2024-03-21 11:30:02	3	16	24	3	91	5.6	8
714	2024-03-21 12:00:03	3	16	24	3	85	5.6	8
715	2024-03-21 12:30:04	3	17	24	3	81	5.6	8
716	2024-03-21 13:00:05	3	17	24	3	79	5.6	8
717	2024-03-21 13:30:06	3	17	24	3	80	5.6	8
718	2024-03-21 14:00:07	3	17	24	4	83	5.6	8
719	2024-03-21 14:30:08	3	17	24	3	84	5.6	8
720	2024-03-21 15:00:09	3	18	24	2	87	5.6	8
721	2024-03-21 15:30:10	3	18	24	2	93	5.6	8
722	2024-03-21 16:00:11	3	17	24	2	103	5.6	8
723	2024-03-21 16:30:12	3	17	24	2	115	5.6	8
724	2024-03-21 17:00:13	3	17	24	2	131	5.6	8
725	2024-03-21 17:30:14	3	17	24	3	165	5.6	8
726	2024-03-21 18:00:15	3	17	24	7	217	5.6	8
727	2024-03-21 18:30:16	3	17	24	11	494	5.6	8
728	2024-03-21 19:00:16	3	17	24	7	848	5.6	8
729	2024-03-21 19:30:17	3	16	24	5	867	5.6	8
730	2024-03-21 20:00:18	3	16	24	5	868	5.6	8
731	2024-03-21 20:30:19	3	16	24	4	865	5.6	8
732	2024-03-21 21:00:20	3	16	24	4	865	5.6	8
733	2024-03-21 21:30:21	3	16	24	4	866	5.6	8
734	2024-03-21 22:00:22	3	16	24	5	865	5.6	8
735	2024-03-21 22:30:23	3	16	24	4	865	5.6	8
736	2024-03-21 23:00:24	3	16	24	5	863	5.6	8
737	2024-03-21 23:30:25	3	16	24	5	864	5.6	8
738	2024-03-22 00:00:26	3	16	24	4	867	5.6	8
739	2024-03-22 00:30:27	3	16	24	5	862	5.6	8
740	2024-03-22 01:00:28	3	15	25	3	868	5.6	8
741	2024-03-22 01:30:29	3	15	25	4	865	5.6	8
742	2024-03-22 02:00:30	3	15	25	4	864	5.6	8
743	2024-03-22 02:30:01	3	15	25	5	860	5.6	8
744	2024-03-22 03:00:02	3	15	25	4	866	5.6	8
745	2024-03-22 03:30:03	3	15	25	8	863	5.6	8
746	2024-03-22 04:00:04	3	15	25	4	865	5.6	8
747	2024-03-22 04:30:05	3	15	25	5	859	5.6	8
748	2024-03-22 05:00:06	3	15	25	4	863	5.6	8
749	2024-03-22 05:30:07	3	15	25	4	863	5.6	8
750	2024-03-22 06:00:08	3	15	25	5	864	5.6	8
751	2024-03-22 06:30:09	3	15	25	5	697	5.6	8
752	2024-03-22 07:00:09	3	15	25	4	234	5.6	8
753	2024-03-22 07:30:10	3	15	25	5	203	5.6	8
754	2024-03-22 08:00:11	3	15	25	5	182	5.6	8
755	2024-03-22 08:30:12	3	15	25	5	151	5.6	8
756	2024-03-22 09:00:13	3	15	25	4	156	5.6	9
757	2024-03-22 09:30:14	3	15	26	4	126	5.6	9
758	2024-03-22 10:00:15	3	15	26	5	116	5.6	9
759	2024-03-22 10:30:16	3	15	25	5	104	5.6	9
760	2024-03-22 11:00:17	3	16	25	5	91	5.6	9
761	2024-03-22 11:30:18	3	16	25	6	85	5.6	9
762	2024-03-22 12:00:19	3	17	25	5	94	5.6	9
763	2024-03-22 12:30:20	3	17	25	7	111	5.6	9
764	2024-03-22 13:00:21	3	17	25	6	85	5.6	9
765	2024-03-22 13:30:22	3	17	27	5	124	5.6	9
766	2024-03-22 14:00:23	3	17	26	6	164	5.6	9
767	2024-03-22 14:30:24	3	17	25	6	132	5.6	9
768	2024-03-22 15:00:25	3	17	25	7	187	5.6	9
769	2024-03-22 15:30:26	3	17	25	5	173	5.6	9
770	2024-03-22 16:00:27	3	17	25	6	208	5.6	9
771	2024-03-22 16:30:28	3	17	25	5	231	5.6	9
772	2024-03-22 17:00:29	3	17	26	5	255	5.6	9
773	2024-03-22 17:30:30	3	17	27	6	260	5.6	9
774	2024-03-22 18:00:01	3	16	27	7	275	5.6	9
775	2024-03-22 18:30:02	3	16	28	6	752	5.6	9
776	2024-03-22 19:00:03	3	16	28	6	870	5.6	9
777	2024-03-22 19:30:03	3	16	28	6	876	5.6	9
778	2024-03-22 20:00:04	3	16	28	5	877	5.6	9
779	2024-03-22 20:30:05	3	16	29	6	876	5.6	9
780	2024-03-22 21:00:06	3	16	29	9	876	5.6	9
781	2024-03-22 21:30:07	3	16	29	5	875	5.6	9
782	2024-03-22 22:00:08	3	16	29	4	875	5.6	9
783	2024-03-22 22:30:09	3	16	30	7	875	5.6	9
784	2024-03-22 23:00:10	3	16	30	5	875	5.6	9
785	2024-03-22 23:30:11	3	16	30	4	880	5.6	9
786	2024-03-23 00:00:12	3	16	30	5	874	5.6	9
787	2024-03-23 00:30:13	3	16	30	6	876	5.6	9
788	2024-03-23 01:00:14	3	16	30	4	874	5.6	9
789	2024-03-23 01:30:15	3	17	31	4	877	5.6	9
790	2024-03-23 02:00:16	3	17	32	3	885	5.6	9
791	2024-03-23 02:30:17	3	17	32	5	877	5.6	9
792	2024-03-23 03:00:18	3	17	32	4	876	5.6	9
793	2024-03-23 03:30:19	3	17	32	5	877	5.6	9
794	2024-03-23 04:00:20	3	17	32	6	877	5.6	9
795	2024-03-23 04:30:21	3	17	33	5	875	5.6	9
796	2024-03-23 05:00:22	3	17	33	6	876	5.6	9
797	2024-03-23 05:30:23	3	17	33	6	877	5.6	9
798	2024-03-23 06:00:24	3	17	33	6	875	5.6	9
799	2024-03-23 06:30:25	3	17	33	6	651	5.6	9
800	2024-03-23 07:00:26	3	17	33	6	420	5.6	9
801	2024-03-23 07:30:27	3	17	33	6	291	5.6	9
802	2024-03-23 08:00:27	3	18	34	6	260	5.6	9
803	2024-03-23 08:30:28	3	17	34	6	205	5.6	9
804	2024-03-23 09:00:29	3	17	34	6	178	5.7	9
805	2024-03-23 09:30:30	3	17	35	6	153	5.7	9
806	2024-03-23 10:00:01	3	17	35	6	148	5.7	9
807	2024-03-23 10:30:02	3	18	36	5	108	5.7	9
808	2024-03-23 11:00:03	3	19	36	6	119	5.7	9
809	2024-03-23 11:30:04	3	19	36	6	97	5.7	9
810	2024-03-23 12:00:05	3	19	36	5	90	5.7	9
811	2024-03-23 12:30:06	3	19	36	5	88	5.7	9
812	2024-03-23 13:00:07	3	19	35	6	88	5.7	9
813	2024-03-23 13:30:08	3	20	35	5	85	5.7	9
814	2024-03-23 14:00:09	3	21	34	5	88	5.7	9
815	2024-03-23 14:30:10	3	21	32	5	91	5.7	9
816	2024-03-23 15:00:11	3	21	31	5	92	5.7	9
817	2024-03-23 15:30:12	3	20	32	5	103	5.7	9
818	2024-03-23 16:00:13	3	20	32	5	117	5.7	9
819	2024-03-23 16:30:14	3	21	31	5	134	5.7	9
820	2024-03-23 17:00:15	3	21	31	5	168	5.7	9
821	2024-03-23 17:30:16	3	21	31	5	215	5.7	9
822	2024-03-23 18:00:17	3	20	32	6	319	5.7	9
823	2024-03-23 18:30:18	3	20	32	5	496	5.7	9
824	2024-03-23 19:00:19	3	20	33	5	771	5.7	9
825	2024-03-23 19:30:20	3	20	33	5	745	5.7	9
826	2024-03-23 20:00:21	3	20	33	5	293	5.7	9
827	2024-03-23 20:30:22	3	19	33	5	288	5.7	9
828	2024-03-23 21:00:22	3	19	33	5	823	5.7	9
829	2024-03-23 21:30:23	3	19	33	5	884	5.7	9
830	2024-03-23 22:00:24	3	19	33	5	881	5.7	9
831	2024-03-23 22:30:25	3	19	33	4	886	5.7	9
832	2024-03-23 23:00:26	3	19	33	4	883	5.7	9
833	2024-03-23 23:30:27	3	20	33	4	882	5.7	9
834	2024-03-24 00:00:28	3	19	33	6	881	5.7	9
835	2024-03-24 00:30:29	3	19	33	8	881	5.7	9
836	2024-03-24 01:00:30	3	19	33	7	879	5.7	9
837	2024-03-24 01:30:01	3	19	34	6	881	5.7	9
838	2024-03-24 02:00:02	3	19	33	4	879	5.7	9
839	2024-03-24 02:30:03	3	19	34	4	877	5.7	9
840	2024-03-24 03:00:04	3	19	34	4	879	5.7	9
841	2024-03-24 03:30:05	3	19	34	6	877	5.7	9
842	2024-03-24 04:00:06	3	19	34	4	877	5.7	9
843	2024-03-24 04:30:07	3	19	34	4	878	5.7	9
844	2024-03-24 05:00:08	3	19	34	5	878	5.7	9
845	2024-03-24 05:30:09	3	19	34	4	876	5.7	9
846	2024-03-24 06:00:10	3	19	34	4	875	5.7	9
847	2024-03-24 06:30:11	3	19	34	4	722	5.7	9
848	2024-03-24 07:00:12	3	19	34	4	400	5.7	9
849	2024-03-24 07:30:13	3	19	34	4	265	5.7	9
850	2024-03-24 08:00:14	3	19	33	4	216	5.7	9
851	2024-03-24 08:30:15	3	19	33	4	165	5.7	9
852	2024-03-24 09:00:16	3	19	33	4	152	5.7	9
853	2024-03-24 09:30:16	3	19	33	5	123	5.7	9
854	2024-03-24 10:00:17	3	19	33	4	151	5.7	9
855	2024-03-24 10:30:18	3	20	33	4	190	5.7	9
856	2024-03-24 11:00:19	3	20	32	5	176	5.7	9
857	2024-03-24 11:30:20	3	20	33	5	161	5.7	9
858	2024-03-24 12:00:21	3	20	32	4	129	5.7	9
859	2024-03-24 12:30:22	3	20	32	5	115	5.7	9
860	2024-03-24 13:00:23	3	20	32	5	131	5.7	9
861	2024-03-24 13:30:24	3	20	32	4	149	5.7	9
862	2024-03-24 14:00:25	3	21	31	4	98	5.7	9
863	2024-03-24 14:30:26	3	21	31	5	85	5.7	9
864	2024-03-24 15:00:27	3	21	30	5	86	5.7	9
865	2024-03-24 15:30:28	3	21	30	4	88	5.7	9
866	2024-03-24 16:00:29	3	21	30	4	106	5.7	9
867	2024-03-24 16:30:30	3	21	30	4	133	5.7	9
868	2024-03-24 17:00:01	3	21	30	4	153	5.7	9
869	2024-03-24 17:30:02	3	21	30	4	241	5.7	9
870	2024-03-24 18:00:03	3	21	30	4	343	5.7	9
871	2024-03-24 18:30:04	3	21	30	4	491	5.7	9
872	2024-03-24 19:00:05	3	21	30	4	857	5.7	9
873	2024-03-24 19:30:06	3	21	30	5	880	5.7	9
874	2024-03-24 20:00:07	3	21	30	5	883	5.7	9
875	2024-03-24 20:30:08	3	20	31	5	881	5.7	9
876	2024-03-24 21:00:09	3	20	31	5	880	5.7	9
877	2024-03-24 21:30:10	3	20	31	4	879	5.7	9
878	2024-03-24 22:00:11	3	20	32	3	881	5.7	9
879	2024-03-24 22:30:11	3	20	32	4	890	5.7	9
880	2024-03-24 23:00:12	3	20	32	4	881	5.7	9
881	2024-03-24 23:30:13	3	20	32	5	880	5.7	9
882	2024-03-25 00:00:14	4	20	31	3	879	5.7	9
883	2024-03-25 00:30:15	4	20	32	6	878	5.7	9
884	2024-03-25 01:00:16	4	20	32	4	877	5.7	9
885	2024-03-25 01:30:17	4	19	32	3	876	5.7	9
886	2024-03-25 02:00:18	4	19	32	4	876	5.7	9
887	2024-03-25 02:30:19	4	19	32	2	876	5.7	9
888	2024-03-25 03:00:20	4	19	32	3	876	5.7	9
889	2024-03-25 03:30:21	4	19	32	2	877	5.7	9
890	2024-03-25 04:00:22	4	19	32	3	874	5.7	9
891	2024-03-25 04:30:23	4	19	32	4	876	5.7	9
892	2024-03-25 05:00:24	4	19	32	3	874	5.7	9
893	2024-03-25 05:30:25	4	19	32	3	874	5.7	9
894	2024-03-25 06:00:26	4	19	32	4	908	5.7	9
895	2024-03-25 06:30:27	4	19	32	3	674	5.7	9
896	2024-03-25 07:00:28	4	19	32	3	248	5.7	9
897	2024-03-25 07:30:29	4	19	32	3	202	5.7	9
898	2024-03-25 08:00:30	4	19	33	4	186	5.7	9
899	2024-03-25 08:30:01	4	19	33	4	190	5.7	9
900	2024-03-25 09:00:02	4	19	33	2	168	5.8	10
901	2024-03-25 09:30:03	4	19	33	2	173	5.8	10
902	2024-03-25 10:00:04	4	19	33	3	68	5.8	10
903	2024-03-25 10:30:05	4	19	34	6	58	5.8	10
904	2024-03-25 11:00:05	4	20	34	9	51	5.8	10
905	2024-03-25 11:30:06	4	20	34	8	64	5.8	10
906	2024-03-25 12:00:07	4	20	34	10	71	5.8	10
907	2024-03-25 12:30:08	4	20	35	8	91	5.8	10
908	2024-03-25 13:00:09	4	19	35	8	100	5.8	10
909	2024-03-25 13:30:10	4	19	35	7	99	5.8	10
910	2024-03-25 14:00:11	4	19	35	6	108	5.8	10
911	2024-03-25 14:30:12	4	19	34	6	104	5.8	10
912	2024-03-25 15:00:13	4	19	34	6	89	5.8	10
913	2024-03-25 15:30:14	4	19	35	5	106	5.8	10
914	2024-03-25 16:00:15	4	19	35	5	118	5.8	10
915	2024-03-25 16:30:16	4	19	35	6	121	5.8	10
916	2024-03-25 17:00:17	4	19	35	7	137	5.8	10
917	2024-03-25 17:30:18	4	19	35	6	194	5.8	10
918	2024-03-25 18:00:19	4	19	35	5	198	5.8	10
919	2024-03-25 18:30:20	4	19	35	6	394	5.8	10
920	2024-03-25 19:00:21	4	19	35	5	763	5.8	10
921	2024-03-25 19:30:22	4	19	35	5	793	5.8	10
922	2024-03-25 20:00:23	4	19	35	6	793	5.8	10
923	2024-03-25 20:30:24	4	19	35	7	792	5.8	10
924	2024-03-25 21:00:25	4	18	35	7	792	5.8	10
925	2024-03-25 21:30:26	4	18	35	6	792	5.8	10
926	2024-03-25 22:00:27	4	18	35	8	791	5.8	10
927	2024-03-25 22:30:28	4	18	35	7	790	5.8	10
928	2024-03-25 23:00:29	4	18	35	6	791	5.8	10
929	2024-03-25 23:30:29	4	18	35	6	792	5.8	10
930	2024-03-26 00:00:00	4	18	35	7	794	5.8	10
931	2024-03-26 00:30:01	4	18	35	6	790	5.8	10
932	2024-03-26 01:00:02	4	18	35	6	789	5.8	10
933	2024-03-26 01:30:03	4	18	35	6	790	5.8	10
934	2024-03-26 02:00:04	4	18	35	7	789	5.8	10
935	2024-03-26 02:30:05	4	18	35	6	788	5.8	10
936	2024-03-26 03:00:06	4	18	35	6	787	5.8	10
937	2024-03-26 03:30:07	4	18	35	8	788	5.8	10
938	2024-03-26 04:00:08	4	18	35	7	787	5.8	10
939	2024-03-26 04:30:09	4	18	35	7	786	5.8	10
940	2024-03-26 05:00:10	4	18	35	6	786	5.8	10
941	2024-03-26 05:30:11	4	18	35	7	786	5.8	10
942	2024-03-26 06:00:12	4	18	35	5	869	5.8	10
943	2024-03-26 06:30:13	4	18	35	5	601	5.8	10
944	2024-03-26 07:00:14	4	17	35	5	282	5.8	10
945	2024-03-26 07:30:15	4	17	35	5	234	5.8	10
946	2024-03-26 08:00:16	4	17	35	5	148	5.8	10
947	2024-03-26 08:30:17	4	17	35	5	102	5.8	10
948	2024-03-26 09:00:18	4	17	35	6	84	5.8	10
949	2024-03-26 09:30:19	4	17	35	4	66	5.8	10
950	2024-03-26 10:00:20	4	17	35	6	57	5.8	10
951	2024-03-26 10:30:21	4	18	35	4	48	5.8	10
952	2024-03-26 11:00:22	4	18	35	4	69	5.8	10
953	2024-03-26 11:30:23	4	18	35	4	71	5.8	10
954	2024-03-26 12:00:23	4	18	35	5	41	5.8	10
955	2024-03-26 12:30:24	4	18	35	5	40	5.8	10
956	2024-03-26 13:00:25	4	18	35	5	43	5.8	10
957	2024-03-26 13:30:26	4	18	35	6	28	5.8	10
958	2024-03-26 14:00:27	4	19	35	4	30	5.8	10
959	2024-03-26 14:30:28	4	19	35	4	31	5.8	10
960	2024-03-26 15:00:29	4	19	35	5	40	5.8	10
961	2024-03-26 15:30:30	4	19	35	5	45	5.8	10
962	2024-03-26 16:00:01	4	19	35	4	41	5.8	10
963	2024-03-26 16:30:02	4	19	35	5	47	5.8	10
964	2024-03-26 17:00:03	4	19	35	6	59	5.8	10
965	2024-03-26 17:30:04	4	19	35	6	74	5.8	10
966	2024-03-26 18:00:05	4	19	35	6	110	5.8	10
967	2024-03-26 18:30:06	4	18	35	6	188	5.8	10
968	2024-03-26 19:00:07	4	18	35	6	630	5.8	10
969	2024-03-26 19:30:08	4	18	35	6	798	5.8	10
970	2024-03-26 20:00:09	4	18	35	5	797	5.8	10
971	2024-03-26 20:30:10	4	18	35	7	798	5.8	10
972	2024-03-26 21:00:11	4	18	35	6	797	5.8	10
973	2024-03-26 21:30:12	4	18	35	6	796	5.8	10
974	2024-03-26 22:00:13	4	17	35	7	795	5.8	10
975	2024-03-26 22:30:14	4	17	35	5	794	5.8	10
976	2024-03-26 23:00:15	4	17	35	7	794	5.8	10
977	2024-03-26 23:30:16	4	17	35	5	793	5.8	10
978	2024-03-27 00:00:17	4	17	35	5	794	5.8	10
979	2024-03-27 00:30:17	4	17	34	4	793	5.8	10
980	2024-03-27 01:00:18	4	17	34	5	793	5.8	10
981	2024-03-27 01:30:19	4	17	34	5	791	5.8	10
982	2024-03-27 02:00:20	4	17	34	5	791	5.8	10
983	2024-03-27 02:30:21	4	17	34	4	791	5.8	10
984	2024-03-27 03:00:22	4	17	34	6	789	5.8	10
985	2024-03-27 03:30:23	4	17	34	5	789	5.8	10
986	2024-03-27 04:00:24	4	17	34	5	790	5.8	10
987	2024-03-27 04:30:25	4	17	34	5	792	5.8	10
988	2024-03-27 05:00:26	4	17	34	5	791	5.8	10
989	2024-03-27 05:30:27	4	17	34	4	790	5.8	10
990	2024-03-27 06:00:28	4	17	34	5	832	5.8	10
991	2024-03-27 06:30:29	4	17	34	4	261	5.8	10
992	2024-03-27 07:00:30	4	17	34	4	134	5.8	10
993	2024-03-27 07:30:01	4	17	34	4	97	5.8	10
994	2024-03-27 08:00:02	4	17	34	5	80	5.8	10
995	2024-03-27 08:30:03	4	17	34	6	64	5.8	10
996	2024-03-27 09:00:04	4	17	34	5	55	5.9	10
997	2024-03-27 09:30:05	4	17	34	5	48	5.9	10
998	2024-03-27 10:00:06	4	17	34	5	43	5.9	10
999	2024-03-27 10:30:07	4	17	34	6	38	5.9	10
1000	2024-03-27 11:00:08	4	18	34	5	36	5.9	10
1001	2024-03-27 11:30:09	4	18	34	4	34	5.9	10
1002	2024-03-27 12:00:10	4	18	34	4	31	5.9	10
1003	2024-03-27 12:30:11	4	19	34	4	30	5.9	10
1004	2024-03-27 13:00:11	4	19	34	4	30	5.9	10
1005	2024-03-27 13:30:12	4	19	34	8	32	5.9	10
1006	2024-03-27 14:00:13	4	19	34	5	31	5.9	10
1007	2024-03-27 14:30:14	4	19	35	5	34	5.9	10
1008	2024-03-27 15:00:15	4	19	35	5	36	5.9	10
1009	2024-03-27 15:30:16	4	19	35	4	43	5.9	10
1010	2024-03-27 16:00:17	4	19	35	6	46	5.9	10
1011	2024-03-27 16:30:18	4	19	35	4	55	5.9	10
1012	2024-03-27 17:00:19	4	19	35	5	64	5.9	10
1013	2024-03-27 17:30:20	4	19	35	5	85	5.9	10
1014	2024-03-27 18:00:21	4	18	35	4	127	5.9	10
1015	2024-03-27 18:30:22	4	18	35	4	239	5.9	10
1016	2024-03-27 19:00:23	4	18	35	4	695	5.9	10
1017	2024-03-27 19:30:24	4	18	35	4	796	5.9	10
1018	2024-03-27 20:00:25	4	18	35	4	797	5.9	10
1019	2024-03-27 20:30:26	4	18	35	4	796	5.9	10
1020	2024-03-27 21:00:27	4	18	35	6	797	5.9	10
1021	2024-03-27 21:30:28	4	18	35	4	796	5.9	10
1022	2024-03-27 22:00:29	4	18	35	4	797	5.9	10
1023	2024-03-27 22:30:30	4	17	35	4	795	5.9	10
1024	2024-03-27 23:00:01	4	17	35	4	795	5.9	10
1025	2024-03-27 23:30:02	4	17	35	4	794	5.9	10
1026	2024-03-28 00:00:03	4	17	35	4	795	5.9	10
1027	2024-03-28 00:30:04	4	17	35	3	793	5.9	10
1028	2024-03-28 01:00:05	4	17	35	4	794	5.9	10
1029	2024-03-28 01:30:05	4	17	35	6	794	5.9	10
1030	2024-03-28 02:00:06	4	17	35	3	794	5.9	10
1031	2024-03-28 02:30:07	4	17	36	5	792	5.9	10
1032	2024-03-28 03:00:08	4	17	36	4	793	5.9	10
1033	2024-03-28 03:30:09	4	17	36	4	792	5.9	10
1034	2024-03-28 04:00:10	4	17	36	3	792	5.9	10
1035	2024-03-28 04:30:11	4	17	36	4	792	5.9	10
1036	2024-03-28 05:00:12	4	17	36	5	794	5.9	10
1037	2024-03-28 05:30:13	4	17	36	3	792	5.9	10
1038	2024-03-28 06:00:14	4	17	36	4	864	5.9	10
1039	2024-03-28 06:30:15	4	17	37	4	566	5.9	10
1040	2024-03-28 07:00:16	4	17	37	4	269	5.9	10
1041	2024-03-28 07:30:17	4	17	37	4	178	5.9	10
1042	2024-03-28 08:00:18	4	17	37	5	167	5.9	10
1043	2024-03-28 08:30:19	4	17	37	4	140	5.9	10
1044	2024-03-28 09:00:20	4	17	37	3	138	5.9	10
1045	2024-03-28 09:30:21	4	17	38	4	135	5.9	10
1046	2024-03-28 10:00:22	4	17	38	3	120	5.9	10
1047	2024-03-28 10:30:23	4	17	38	4	119	5.9	10
1048	2024-03-28 11:00:24	4	17	38	3	95	5.9	10
1049	2024-03-28 11:30:25	4	17	38	3	87	5.9	10
1050	2024-03-28 12:00:26	4	17	39	4	96	5.9	10
1051	2024-03-28 12:30:27	4	17	39	4	70	5.9	10
1052	2024-03-28 13:00:28	4	18	40	5	73	5.9	10
1053	2024-03-28 13:30:28	4	18	40	4	68	5.9	10
1054	2024-03-28 14:00:29	4	18	40	4	79	5.9	10
1055	2024-03-28 14:30:30	4	19	41	4	97	5.9	10
1056	2024-03-28 15:00:01	4	18	41	4	101	5.9	10
1057	2024-03-28 15:30:02	4	18	41	4	104	5.9	10
1058	2024-03-28 16:00:03	4	17	42	4	134	5.9	10
1059	2024-03-28 16:30:04	4	17	42	4	148	5.9	10
1060	2024-03-28 17:00:05	4	17	42	6	226	5.9	10
1061	2024-03-28 17:30:06	4	17	42	4	187	5.9	10
1062	2024-03-28 18:00:07	4	17	42	8	200	5.9	10
1063	2024-03-28 18:30:08	4	17	42	5	296	5.9	10
1064	2024-03-28 19:00:09	4	17	42	5	661	5.9	10
1065	2024-03-28 19:30:10	4	17	42	5	784	5.9	10
1066	2024-03-28 20:00:11	4	17	42	5	787	5.9	10
1067	2024-03-28 20:30:12	4	17	42	6	785	5.9	10
1068	2024-03-28 21:00:13	4	17	43	5	785	5.9	10
1069	2024-03-28 21:30:14	4	17	44	5	109	5.9	10
1070	2024-03-28 22:00:15	4	17	45	5	789	5.9	10
1071	2024-03-28 22:30:16	4	17	44	6	787	5.9	10
1072	2024-03-28 23:00:17	4	17	44	5	789	5.9	10
1073	2024-03-28 23:30:18	4	17	44	5	788	5.9	10
1074	2024-03-29 00:00:19	4	17	44	5	787	5.9	10
1075	2024-03-29 00:30:20	4	17	44	5	786	5.9	10
1076	2024-03-29 01:00:21	4	17	44	6	787	5.9	10
1077	2024-03-29 01:30:22	4	17	44	5	784	5.9	10
1078	2024-03-29 02:00:23	4	17	43	6	788	5.9	10
1079	2024-03-29 02:30:23	4	17	43	5	788	5.9	10
1080	2024-03-29 03:00:24	4	17	43	5	784	5.9	10
1081	2024-03-29 03:30:25	4	17	43	4	782	5.9	10
1082	2024-03-29 04:00:26	4	17	42	5	782	5.9	10
1083	2024-03-29 04:30:27	4	17	42	4	784	5.9	10
1084	2024-03-29 05:00:28	4	17	41	4	785	5.9	10
1085	2024-03-29 05:30:29	4	17	41	6	784	5.9	10
1086	2024-03-29 06:00:30	4	17	41	4	826	5.9	10
1087	2024-03-29 06:30:01	4	17	41	3	327	5.9	10
1088	2024-03-29 07:00:02	4	16	40	4	135	5.9	10
1089	2024-03-29 07:30:03	4	16	40	4	98	5.9	10
1090	2024-03-29 08:00:04	4	17	40	4	78	5.9	10
1091	2024-03-29 08:30:05	4	17	40	5	74	5.9	10
1092	2024-03-29 09:00:06	4	17	40	4	60	5.9	10
1093	2024-03-29 09:30:07	4	17	40	5	57	5.9	10
1094	2024-03-29 10:00:08	4	17	39	4	52	5.9	10
1095	2024-03-29 10:30:09	4	17	39	4	63	5.9	10
1096	2024-03-29 11:00:10	4	17	39	4	42	5.9	10
1097	2024-03-29 11:30:11	4	17	39	4	125	5.9	10
1098	2024-03-29 12:00:12	4	17	39	5	181	5.9	10
1099	2024-03-29 12:30:13	4	17	40	3	144	5.9	10
1100	2024-03-29 13:00:14	4	17	40	4	81	5.9	10
1101	2024-03-29 13:30:15	4	17	41	4	100	5.9	10
1102	2024-03-29 14:00:16	4	17	41	5	124	5.9	10
1103	2024-03-29 14:30:16	4	17	42	5	170	5.9	10
1104	2024-03-29 15:00:17	4	17	43	5	225	5.9	10
1105	2024-03-29 15:30:18	4	17	43	4	86	5.9	10
1106	2024-03-29 16:00:19	4	17	43	3	134	5.9	10
1107	2024-03-29 16:30:20	4	17	43	3	99	5.9	10
1108	2024-03-29 17:00:21	4	17	43	5	79	5.9	10
1109	2024-03-29 17:30:22	4	17	43	5	103	5.9	10
1110	2024-03-29 18:00:23	4	17	43	4	143	5.9	10
1111	2024-03-29 18:30:24	4	17	43	3	247	5.9	10
1112	2024-03-29 19:00:25	4	17	43	4	642	5.9	10
1113	2024-03-29 19:30:26	4	17	43	3	799	5.9	10
1114	2024-03-29 20:00:27	4	17	43	3	797	5.9	10
1115	2024-03-29 20:30:28	4	17	43	3	797	5.9	10
1116	2024-03-29 21:00:29	4	17	42	3	799	5.9	10
1117	2024-03-29 21:30:30	4	17	42	4	794	5.9	10
1118	2024-03-29 22:00:01	4	17	42	3	796	5.9	10
1119	2024-03-29 22:30:02	4	17	41	5	792	5.9	10
1120	2024-03-29 23:00:03	4	16	41	3	794	5.9	10
1121	2024-03-29 23:30:04	4	16	41	3	796	5.9	10
1122	2024-03-30 00:00:05	4	16	40	3	794	5.9	10
1123	2024-03-30 00:30:06	4	16	40	2	794	5.9	10
1124	2024-03-30 01:00:07	4	16	40	3	793	5.9	10
1125	2024-03-30 01:30:08	4	17	39	4	792	5.9	10
1126	2024-03-30 02:00:09	4	18	39	3	793	5.9	10
1127	2024-03-30 02:30:10	4	17	39	3	793	5.9	10
1128	2024-03-30 03:00:11	4	17	39	5	791	5.9	10
1129	2024-03-30 03:30:11	4	17	39	5	786	5.9	10
1130	2024-03-30 04:00:12	4	17	39	4	785	5.9	10
1131	2024-03-30 04:30:13	4	17	38	3	787	5.9	10
1132	2024-03-30 05:00:14	4	18	38	3	789	5.9	10
1133	2024-03-30 05:30:15	4	17	38	4	790	5.9	10
1134	2024-03-30 06:00:16	4	17	38	3	783	5.9	10
1135	2024-03-30 06:30:17	4	17	38	4	269	5.9	10
1136	2024-03-30 07:00:18	4	17	38	4	157	5.9	10
1137	2024-03-30 07:30:19	4	17	37	4	124	5.9	10
1138	2024-03-30 08:00:20	4	18	37	2	98	5.9	10
1139	2024-03-30 08:30:21	4	17	38	3	85	5.9	10
1140	2024-03-30 09:00:22	4	17	38	3	75	6.0	10
1141	2024-03-30 09:30:23	4	17	38	4	63	6.0	10
1142	2024-03-30 10:00:24	4	17	38	2	60	6.0	10
1143	2024-03-30 10:30:25	4	19	37	4	52	6.0	10
1144	2024-03-30 11:00:26	4	19	37	4	49	6.0	10
1145	2024-03-30 11:30:27	4	19	37	3	46	6.0	10
1146	2024-03-30 12:00:28	4	19	37	4	43	6.0	10
1147	2024-03-30 12:30:29	4	19	37	4	36	6.0	10
1148	2024-03-30 13:00:30	4	19	37	3	54	6.0	10
1149	2024-03-30 13:30:01	4	19	36	4	79	6.0	10
1150	2024-03-30 14:00:02	4	20	36	3	116	6.0	10
1151	2024-03-30 14:30:03	4	20	35	5	130	6.0	10
1152	2024-03-30 15:00:04	4	20	36	3	129	6.0	10
1153	2024-03-30 15:30:05	4	19	36	2	123	6.0	10
1154	2024-03-30 16:00:05	4	19	36	2	101	6.0	10
1155	2024-03-30 16:30:06	4	19	36	2	172	6.0	10
1156	2024-03-30 17:00:07	4	20	36	3	213	6.0	10
1157	2024-03-30 17:30:08	4	20	36	3	233	6.0	10
1158	2024-03-30 18:00:09	4	19	37	2	226	6.0	10
1159	2024-03-30 18:30:10	4	19	37	3	237	6.0	10
1160	2024-03-30 19:00:11	4	19	38	5	635	6.0	10
1161	2024-03-30 19:30:12	4	19	38	3	806	6.0	10
1162	2024-03-30 20:00:13	4	19	38	3	805	6.0	10
1163	2024-03-30 20:30:14	4	19	38	4	802	6.0	10
1164	2024-03-30 21:00:15	4	19	38	3	802	6.0	10
1165	2024-03-30 21:30:16	4	18	38	6	800	6.0	10
1166	2024-03-30 22:00:17	4	18	38	2	804	6.0	10
1167	2024-03-30 22:30:18	4	19	38	4	806	6.0	10
1168	2024-03-30 23:00:19	4	19	38	3	817	6.0	10
1169	2024-03-30 23:30:20	4	19	37	3	814	6.0	10
1170	2024-03-31 00:00:21	4	19	37	3	811	6.0	10
1171	2024-03-31 00:30:22	4	19	37	3	805	6.0	10
1172	2024-03-31 01:00:23	4	19	37	4	802	6.0	10
1173	2024-03-31 01:30:24	4	19	37	2	808	6.0	10
1174	2024-03-31 02:00:25	4	19	37	3	810	6.0	10
1175	2024-03-31 02:30:26	4	19	37	3	813	6.0	10
1176	2024-03-31 03:00:27	4	18	36	4	815	6.0	10
1177	2024-03-31 03:30:28	4	18	36	2	820	6.0	10
1178	2024-03-31 04:00:29	4	18	36	4	818	6.0	10
1179	2024-03-31 04:30:29	4	19	35	3	815	6.0	10
1180	2024-03-31 05:00:30	4	19	35	4	811	6.0	10
1181	2024-03-31 05:30:01	4	18	35	4	810	6.0	10
1182	2024-03-31 06:00:02	4	18	35	3	782	6.0	10
1183	2024-03-31 06:30:03	4	18	35	3	298	6.0	10
1184	2024-03-31 07:00:04	4	18	35	3	163	6.0	10
1185	2024-03-31 07:30:05	4	18	35	4	148	6.0	10
1186	2024-03-31 08:00:06	4	19	35	4	129	6.0	10
1187	2024-03-31 08:30:07	4	18	35	3	110	6.0	10
1188	2024-03-31 09:00:08	4	18	35	2	97	6.0	11
1189	2024-03-31 09:30:09	4	18	35	8	82	6.0	11
1190	2024-03-31 10:00:10	4	18	35	3	74	6.0	11
1191	2024-03-31 10:30:11	4	19	35	4	65	6.0	11
1192	2024-03-31 11:00:12	4	20	35	4	61	6.0	11
1193	2024-03-31 11:30:13	4	20	35	2	54	6.0	11
1194	2024-03-31 12:00:14	4	20	35	3	52	6.0	11
1195	2024-03-31 12:30:15	4	20	35	2	50	6.0	11
1196	2024-03-31 13:00:16	4	20	35	2	48	6.0	11
1197	2024-03-31 13:30:17	4	21	33	2	47	6.0	11
1198	2024-03-31 14:00:18	4	21	33	2	48	6.0	11
1199	2024-03-31 14:30:19	4	21	33	3	48	6.0	11
1200	2024-03-31 15:00:20	4	21	33	3	57	6.0	11
1201	2024-03-31 15:30:21	4	21	33	3	59	6.0	11
1202	2024-03-31 16:00:22	4	20	34	3	60	6.0	11
1203	2024-03-31 16:30:23	4	21	33	4	70	6.0	11
1204	2024-03-31 17:00:23	4	21	33	5	89	6.0	11
1205	2024-03-31 17:30:24	4	21	33	2	113	6.0	11
1206	2024-03-31 18:00:25	4	21	33	2	151	6.0	11
1207	2024-03-31 18:30:26	4	20	34	3	253	6.0	11
1208	2024-03-31 19:00:27	4	20	34	2	651	6.0	11
1209	2024-03-31 19:30:28	4	21	33	2	801	6.0	11
1210	2024-03-31 20:00:29	4	21	33	3	806	6.0	11
1211	2024-03-31 20:30:30	4	20	34	3	804	6.0	11
1212	2024-03-31 21:00:01	4	20	34	3	802	6.0	11
1213	2024-03-31 21:30:02	4	19	35	3	802	6.0	11
1214	2024-03-31 22:00:03	4	19	34	2	802	6.0	11
1215	2024-03-31 22:30:04	4	20	34	3	800	6.0	11
1216	2024-03-31 23:00:05	4	20	34	2	801	6.0	11
1217	2024-03-31 23:30:06	4	20	34	3	800	6.0	11
1218	2024-04-01 00:00:07	5	20	34	3	798	6.0	11
1219	2024-04-01 00:30:08	5	19	34	3	798	6.0	11
1220	2024-04-01 01:00:09	5	19	34	1	795	6.0	11
1221	2024-04-01 01:30:10	5	19	34	4	799	6.0	11
1222	2024-04-01 02:00:11	5	19	34	3	800	6.0	11
1223	2024-04-01 02:30:12	5	19	33	3	795	6.0	11
1224	2024-04-01 03:00:13	5	19	33	4	796	6.0	11
1225	2024-04-01 03:30:14	5	19	33	4	792	6.0	11
1226	2024-04-01 04:00:15	5	19	33	1	797	6.0	11
1227	2024-04-01 04:30:16	5	18	33	2	797	6.0	11
1228	2024-04-01 05:00:17	5	18	33	4	789	6.0	11
1229	2024-04-01 05:30:18	5	18	33	3	791	6.0	11
1230	2024-04-01 06:00:18	5	18	33	4	740	6.0	11
1231	2024-04-01 06:30:19	5	18	33	3	300	6.0	11
1232	2024-04-01 07:00:20	5	18	33	2	183	6.0	11
1233	2024-04-01 07:30:21	5	18	33	3	151	6.0	11
1234	2024-04-01 08:00:22	5	18	33	4	124	6.0	11
1235	2024-04-01 08:30:23	5	18	33	2	110	6.0	11
1236	2024-04-01 09:00:24	5	18	33	3	93	6.1	11
1237	2024-04-01 09:30:25	5	18	33	3	83	6.1	11
